{"cameraMode":{"drawMode":0,"name":"Shaded","section":"Shading Mode"},"sceneLighting":false,"audioPlay":false,"sceneViewState":{"showFog":true,"showMaterialUpdate":false,"showSkybox":false,"showFlares":true,"showImageEffects":true,"showParticleSystems":true},"in2DMode":false,"pivot":{"x":33.310001373291019,"y":0.8500000238418579,"z":0.0},"rotation":{"x":0.011999158188700676,"y":-0.0096009885892272,"z":0.00011511651246109977,"w":0.9998823404312134},"size":2.8578836917877199,"orthographic":false}