{"cameraMode":{"drawMode":0,"name":"Shaded","section":"Shading Mode"},"sceneLighting":true,"audioPlay":false,"sceneViewState":{"showFog":true,"showMaterialUpdate":false,"showSkybox":true,"showFlares":true,"showImageEffects":true,"showParticleSystems":true},"in2DMode":false,"pivot":{"x":127.20747375488281,"y":190.8656768798828,"z":-15.5625},"rotation":{"x":0.0014999867416918278,"y":-0.0021018183324486019,"z":0.000003052718057006132,"w":0.9999973773956299},"size":22.0,"orthographic":false}