{"cameraMode":{"drawMode":0,"name":"Shaded","section":"Shading Mode"},"sceneLighting":true,"audioPlay":false,"sceneViewState":{"showFog":true,"showMaterialUpdate":false,"showSkybox":true,"showFlares":true,"showImageEffects":true,"showParticleSystems":true},"in2DMode":false,"pivot":{"x":331.99298095703127,"y":184.0139923095703,"z":0.0},"rotation":{"x":0.0014999867416918278,"y":-0.0021018183324486019,"z":0.000003052718057006132,"w":0.9999973773956299},"size":350.0713195800781,"orthographic":false}